{
    "percentage_without_answers": 39.85419198055893,
    "average_answers": 0.8748481166464156,
    "max_answers": 6,
    "answer_counts": [
        2,
        1,
        1,
        0,
        1,
        1,
        4,
        2,
        0,
        2,
        3,
        1,
        1,
        1,
        3,
        1,
        1,
        0,
        1,
        5,
        2,
        3,
        3,
        1,
        2,
        1,
        1,
        1,
        2,
        2,
        1,
        1,
        1,
        1,
        2,
        1,
        1,
        1,
        1,
        1,
        2,
        0,
        2,
        0,
        0,
        2,
        1,
        1,
        1,
        1,
        1,
        2,
        1,
        1,
        1,
        1,
        1,
        1,
        1,
        1,
        0,
        2,
        1,
        1,
        2,
        1,
        1,
        1,
        1,
        1,
        1,
        1,
        0,
        1,
        1,
        2,
        0,
        1,
        2,
        1,
        1,
        0,
        1,
        1,
        1,
        1,
        1,
        2,
        1,
        0,
        1,
        0,
        2,
        1,
        1,
        1,
        1,
        1,
        2,
        2,
        1,
        2,
        0,
        0,
        1,
        1,
        1,
        1,
        1,
        1,
        2,
        1,
        1,
        1,
        1,
        2,
        2,
        1,
        1,
        1,
        1,
        0,
        1,
        1,
        1,
        1,
        1,
        3,
        1,
        0,
        1,
        1,
        1,
        1,
        1,
        1,
        0,
        1,
        0,
        1,
        1,
        3,
        0,
        1,
        1,
        2,
        1,
        1,
        1,
        1,
        1,
        0,
        2,
        2,
        2,
        1,
        1,
        2,
        1,
        1,
        1,
        0,
        1,
        1,
        0,
        1,
        0,
        1,
        1,
        2,
        1,
        0,
        1,
        3,
        1,
        1,
        2,
        0,
        1,
        1,
        1,
        3,
        3,
        1,
        1,
        1,
        0,
        0,
        1,
        0,
        1,
        1,
        2,
        1,
        0,
        0,
        2,
        2,
        2,
        2,
        2,
        2,
        2,
        2,
        1,
        0,
        0,
        2,
        0,
        0,
        0,
        0,
        1,
        0,
        0,
        0,
        1,
        1,
        1,
        1,
        2,
        1,
        1,
        0,
        0,
        0,
        1,
        0,
        1,
        0,
        2,
        1,
        1,
        0,
        1,
        0,
        1,
        1,
        1,
        1,
        0,
        0,
        0,
        3,
        0,
        0,
        0,
        0,
        0,
        0,
        0,
        0,
        3,
        3,
        1,
        1,
        1,
        1,
        0,
        0,
        0,
        0,
        1,
        2,
        0,
        1,
        2,
        1,
        0,
        2,
        0,
        2,
        1,
        0,
        2,
        2,
        1,
        1,
        1,
        1,
        2,
        1,
        0,
        0,
        0,
        0,
        0,
        1,
        1,
        0,
        0,
        2,
        1,
        0,
        1,
        0,
        0,
        1,
        1,
        1,
        2,
        0,
        0,
        1,
        1,
        0,
        1,
        1,
        1,
        0,
        0,
        0,
        0,
        0,
        0,
        1,
        2,
        1,
        0,
        1,
        0,
        2,
        1,
        1,
        0,
        0,
        1,
        1,
        0,
        3,
        1,
        0,
        3,
        0,
        0,
        0,
        1,
        2,
        1,
        1,
        0,
        0,
        1,
        0,
        1,
        1,
        1,
        1,
        0,
        0,
        1,
        1,
        4,
        2,
        0,
        0,
        1,
        1,
        1,
        0,
        1,
        0,
        1,
        1,
        1,
        0,
        1,
        0,
        1,
        1,
        0,
        0,
        0,
        2,
        1,
        1,
        3,
        0,
        1,
        0,
        1,
        1,
        1,
        1,
        1,
        1,
        0,
        0,
        1,
        3,
        2,
        0,
        2,
        0,
        0,
        1,
        0,
        2,
        1,
        0,
        0,
        1,
        1,
        0,
        0,
        1,
        1,
        1,
        0,
        0,
        1,
        0,
        0,
        1,
        0,
        0,
        1,
        3,
        1,
        0,
        0,
        1,
        1,
        0,
        0,
        1,
        1,
        0,
        0,
        1,
        1,
        0,
        0,
        1,
        1,
        1,
        1,
        0,
        1,
        0,
        1,
        0,
        0,
        0,
        2,
        0,
        1,
        1,
        0,
        1,
        2,
        0,
        4,
        0,
        0,
        1,
        0,
        2,
        2,
        0,
        0,
        0,
        0,
        0,
        0,
        3,
        0,
        1,
        0,
        0,
        0,
        0,
        1,
        2,
        0,
        1,
        0,
        0,
        0,
        0,
        0,
        1,
        0,
        0,
        0,
        1,
        1,
        1,
        0,
        1,
        1,
        0,
        0,
        1,
        0,
        1,
        2,
        2,
        3,
        1,
        1,
        0,
        0,
        3,
        1,
        1,
        0,
        0,
        3,
        0,
        0,
        0,
        0,
        0,
        1,
        1,
        1,
        0,
        1,
        0,
        0,
        0,
        1,
        1,
        0,
        1,
        0,
        0,
        0,
        0,
        1,
        1,
        1,
        0,
        1,
        0,
        0,
        1,
        1,
        1,
        0,
        0,
        1,
        1,
        1,
        0,
        1,
        0,
        0,
        1,
        1,
        0,
        1,
        1,
        3,
        0,
        0,
        0,
        1,
        0,
        1,
        1,
        0,
        1,
        2,
        1,
        2,
        0,
        0,
        1,
        1,
        1,
        1,
        1,
        0,
        0,
        1,
        0,
        1,
        3,
        2,
        0,
        0,
        4,
        1,
        1,
        2,
        2,
        0,
        0,
        0,
        3,
        0,
        1,
        1,
        1,
        1,
        2,
        1,
        1,
        0,
        2,
        0,
        0,
        2,
        0,
        0,
        0,
        2,
        0,
        0,
        1,
        1,
        0,
        1,
        2,
        0,
        3,
        1,
        0,
        0,
        0,
        1,
        0,
        1,
        0,
        0,
        0,
        0,
        0,
        0,
        0,
        0,
        2,
        1,
        0,
        0,
        0,
        1,
        0,
        1,
        1,
        0,
        0,
        1,
        0,
        0,
        1,
        2,
        1,
        0,
        0,
        0,
        2,
        4,
        0,
        2,
        2,
        1,
        1,
        1,
        0,
        2,
        1,
        0,
        0,
        1,
        0,
        0,
        2,
        2,
        2,
        4,
        4,
        2,
        4,
        4,
        4,
        0,
        0,
        0,
        0,
        2,
        0,
        0,
        0,
        0,
        0,
        0,
        2,
        0,
        2,
        6,
        4,
        0,
        0,
        0,
        0,
        0,
        2,
        0,
        2,
        2,
        2,
        4,
        4,
        2,
        4,
        4,
        4,
        0,
        0,
        0,
        0,
